{"count":48,"results":[{"id":1,"name":"\u041f\u0440\u043e\u0441\u0442\u043e\u0439 \u0430\u043b\u0444\u0430\u0432\u0438\u0442","description":"test","max_attempts":0,"value":100,"category":"Osint","type":"standard","state":"visible","requirements":null,"connection_info":null,"next_id":null},{"id":2,"name":"2","description":"","max_attempts":0,"value":100,"category":"Osint","type":"standard","state":"visible","requirements":null,"connection_info":null,"next_id":null},{"id":3,"name":"3","description":"","max_attempts":0,"value":100,"category":"Osint","type":"standard","state":"visible","requirements":null,"connection_info":null,"next_id":null},{"id":4,"name":"4","description":"","max_attempts":0,"value":100,"category":"Osint","type":"standard","state":"visible","requirements":null,"connection_info":null,"next_id":null},{"id":5,"name":"5","description":"","max_attempts":0,"value":100,"category":"Osint","type":"standard","state":"visible","requirements":null,"connection_info":null,"next_id":null},{"id":6,"name":"6","description":"","max_attempts":0,"value":100,"category":"Osint","type":"standard","state":"visible","requirements":null,"connection_info":null,"next_id":null},{"id":7,"name":"7","description":"","max_attempts":0,"value":100,"category":"Osint","type":"standard","state":"visible","requirements":null,"connection_info":null,"next_id":null},{"id":8,"name":"8","description":"","max_attempts":0,"value":100,"category":"Osint","type":"standard","state":"visible","requirements":null,"connection_info":null,"next_id":null},{"id":9,"name":"1","description":"","max_attempts":0,"value":100,"category":"Web","type":"standard","state":"visible","requirements":null,"connection_info":null,"next_id":null},{"id":10,"name":"2","description":"","max_attempts":0,"value":100,"category":"Web","type":"standard","state":"visible","requirements":null,"connection_info":null,"next_id":null},{"id":11,"name":"3","description":"","max_attempts":0,"value":100,"category":"Web","type":"standard","state":"visible","requirements":null,"connection_info":null,"next_id":null},{"id":12,"name":"4","description":"","max_attempts":0,"value":100,"category":"Web","type":"standard","state":"visible","requirements":null,"connection_info":null,"next_id":null},{"id":13,"name":"5","description":"","max_attempts":0,"value":100,"category":"Web","type":"standard","state":"visible","requirements":null,"connection_info":null,"next_id":null},{"id":14,"name":"6","description":"","max_attempts":0,"value":100,"category":"Web","type":"standard","state":"visible","requirements":null,"connection_info":null,"next_id":null},{"id":15,"name":"7","description":"","max_attempts":0,"value":100,"category":"Web","type":"standard","state":"visible","requirements":null,"connection_info":null,"next_id":null},{"id":16,"name":"8","description":"","max_attempts":0,"value":100,"category":"Web","type":"standard","state":"visible","requirements":null,"connection_info":null,"next_id":null},{"id":17,"name":"1","description":"","max_attempts":0,"value":100,"category":"Crypto","type":"standard","state":"visible","requirements":null,"connection_info":null,"next_id":null},{"id":18,"name":"2","description":"","max_attempts":0,"value":100,"category":"Crypto","type":"standard","state":"visible","requirements":null,"connection_info":null,"next_id":null},{"id":19,"name":"3","description":"","max_attempts":0,"value":100,"category":"Crypto","type":"standard","state":"visible","requirements":null,"connection_info":null,"next_id":null},{"id":20,"name":"4","description":"","max_attempts":0,"value":100,"category":"Crypto","type":"standard","state":"visible","requirements":null,"connection_info":null,"next_id":null},{"id":21,"name":"5","description":"","max_attempts":0,"value":100,"category":"Crypto","type":"standard","state":"visible","requirements":null,"connection_info":null,"next_id":null},{"id":22,"name":"6","description":"","max_attempts":0,"value":100,"category":"Crypto","type":"standard","state":"visible","requirements":null,"connection_info":null,"next_id":null},{"id":23,"name":"7","description":"","max_attempts":0,"value":100,"category":"Crypto","type":"standard","state":"visible","requirements":null,"connection_info":null,"next_id":null},{"id":24,"name":"8","description":"","max_attempts":0,"value":100,"category":"Crypto","type":"standard","state":"visible","requirements":null,"connection_info":null,"next_id":null},{"id":25,"name":"1","description":"","max_attempts":0,"value":100,"category":"Forensic","type":"standard","state":"visible","requirements":null,"connection_info":null,"next_id":null},{"id":26,"name":"2","description":"","max_attempts":0,"value":100,"category":"Forensic","type":"standard","state":"visible","requirements":null,"connection_info":null,"next_id":null},{"id":27,"name":"3","description":"","max_attempts":0,"value":100,"category":"Forensic","type":"standard","state":"visible","requirements":null,"connection_info":null,"next_id":null},{"id":28,"name":"4","description":"","max_attempts":0,"value":100,"category":"Forensic","type":"standard","state":"visible","requirements":null,"connection_info":null,"next_id":null},{"id":29,"name":"5","description":"","max_attempts":0,"value":100,"category":"Forensic","type":"standard","state":"visible","requirements":null,"connection_info":null,"next_id":null},{"id":30,"name":"6","description":"","max_attempts":0,"value":100,"category":"Forensic","type":"standard","state":"visible","requirements":null,"connection_info":null,"next_id":null},{"id":31,"name":"7","description":"","max_attempts":0,"value":100,"category":"Forensic","type":"standard","state":"visible","requirements":null,"connection_info":null,"next_id":null},{"id":32,"name":"8","description":"","max_attempts":0,"value":100,"category":"Forensic","type":"standard","state":"visible","requirements":null,"connection_info":null,"next_id":null},{"id":33,"name":"1","description":"","max_attempts":0,"value":100,"category":"Stego","type":"standard","state":"visible","requirements":null,"connection_info":null,"next_id":null},{"id":34,"name":"2","description":"","max_attempts":0,"value":100,"category":"Stego","type":"standard","state":"visible","requirements":null,"connection_info":null,"next_id":null},{"id":35,"name":"3","description":"","max_attempts":0,"value":100,"category":"Stego","type":"standard","state":"visible","requirements":null,"connection_info":null,"next_id":null},{"id":36,"name":"4","description":"","max_attempts":0,"value":100,"category":"Stego","type":"standard","state":"visible","requirements":null,"connection_info":null,"next_id":null},{"id":37,"name":"5","description":"","max_attempts":0,"value":100,"category":"Stego","type":"standard","state":"visible","requirements":null,"connection_info":null,"next_id":null},{"id":38,"name":"6","description":"","max_attempts":0,"value":100,"category":"Stego","type":"standard","state":"visible","requirements":null,"connection_info":null,"next_id":null},{"id":39,"name":"7","description":"","max_attempts":0,"value":100,"category":"Stego","type":"standard","state":"visible","requirements":null,"connection_info":null,"next_id":null},{"id":40,"name":"8","description":"","max_attempts":0,"value":100,"category":"Stego","type":"standard","state":"visible","requirements":null,"connection_info":null,"next_id":null},{"id":41,"name":"1","description":"","max_attempts":0,"value":100,"category":"Reverse","type":"standard","state":"visible","requirements":null,"connection_info":null,"next_id":null},{"id":42,"name":"2","description":"","max_attempts":0,"value":100,"category":"Reverse","type":"standard","state":"visible","requirements":null,"connection_info":null,"next_id":null},{"id":43,"name":"3","description":"","max_attempts":0,"value":100,"category":"Reverse","type":"standard","state":"visible","requirements":null,"connection_info":null,"next_id":null},{"id":44,"name":"4","description":"","max_attempts":0,"value":100,"category":"Reverse","type":"standard","state":"visible","requirements":null,"connection_info":null,"next_id":null},{"id":45,"name":"5","description":"","max_attempts":0,"value":100,"category":"Reverse","type":"standard","state":"visible","requirements":null,"connection_info":null,"next_id":null},{"id":46,"name":"6","description":"","max_attempts":0,"value":100,"category":"Reverse","type":"standard","state":"visible","requirements":null,"connection_info":null,"next_id":null},{"id":47,"name":"7","description":"","max_attempts":0,"value":100,"category":"Reverse","type":"standard","state":"visible","requirements":null,"connection_info":null,"next_id":null},{"id":48,"name":"8","description":"","max_attempts":0,"value":100,"category":"Reverse","type":"standard","state":"visible","requirements":null,"connection_info":null,"next_id":null}],"meta":{}}