{"count":1,"results":[{"id":4,"title":"","route":"index","content":"<!DOCTYPE html>\r\n<html lang=\"en\">\r\n<head>\r\n\t<meta charset=\"UTF-8\">\r\n\t<meta http-equiv=\"X-UA-Compatible\" content=\"IE=edge\">\r\n\t<meta name=\"viewport\" content=\"width=device-width, initial-scale=1.0\">\r\n\t<title>Document</title>\r\n\r\n\t<link rel=\"stylesheet\" href=\"/themes/core-beta/static/css/main.css\">\r\n\t<script src=\"/themes/core-beta/static/js/app.js\" defer></script>\r\n\r\n</head>\r\n<body>\r\n\r\n  <style>\r\n    \r\n    .menu{\r\n\t\tpadding: 25vh 50px;\r\n\t\tbackground: rgba(20, 20, 20, 0.5);\r\n\t\theight: 100vh;\r\n\t\tborder-right: 7px solid #fcfffc;\r\n\t\tposition: fixed;\r\n\t\tleft: -446px;\r\n\t\ttransition: 0.4s ease;\r\n\t\topacity: .3;\r\n\t\t}\r\n    \r\n    .btn{\r\n      \r\n      position: fixed;\r\n\t  bottom: 2vh;\r\n\t  right: 80vw;\r\n\t  cursor: pointer;\r\n\r\n\t  width: 150px;\r\n\t  transition: .25s ease;\r\n      display: inline-block; /* \u0421\u0442\u0440\u043e\u0447\u043d\u043e-\u0431\u043b\u043e\u0447\u043d\u044b\u0439 \u044d\u043b\u0435\u043c\u0435\u043d\u0442 */\r\n      background: #8C959D; /* \u0421\u0435\u0440\u044b\u0439 \u0446\u0432\u0435\u0442 \u0444\u043e\u043d\u0430 */\r\n      color: #fff; /* \u0411\u0435\u043b\u044b\u0439 \u0446\u0432\u0435\u0442 \u0442\u0435\u043a\u0441\u0442\u0430 */\r\n      padding: 1rem 1.5rem; /* \u041f\u043e\u043b\u044f \u0432\u043e\u043a\u0440\u0443\u0433 \u0442\u0435\u043a\u0441\u0442\u0430 */\r\n      text-decoration: none; /* \u0423\u0431\u0438\u0440\u0430\u0435\u043c \u043f\u043e\u0434\u0447\u0451\u0440\u043a\u0438\u0432\u0430\u043d\u0438\u0435 */\r\n      border-radius: 3px; /* \u0421\u043a\u0440\u0443\u0433\u043b\u044f\u0435\u043c \u0443\u0433\u043e\u043b\u043a\u0438 */\r\n    }\r\n\r\n  .title h1{\r\n    font-family: Arial, \"Helvetica Neue\", Helvetica, sans-serif;\r\n    font-size: 40px;\r\n    color: #fcfffc;\r\n    margin-bottom: 10px;\r\n  }\r\n  .list_menu a{\r\n      font-family: Arial, \"Helvetica Neue\", Helvetica, sans-serif;\r\n      font-size: 25px;\r\n      color: #fcfffc;\r\n      border-left: 2px solid #F5B7C7;\r\n      transition: 0.2s ease;\r\n      padding-left: 3px;\r\n    }\r\n  .list_menu a:hover{\r\n    border-left: 2px solid #F5B7C7;\r\n    transition: 0.2s ease;\r\n    padding-left: 10px;\r\n  }\r\n  .list_menu li{\r\n    margin: 20px 0;\r\n  }\r\n  .list_menu{\r\n    margin-bottom: 20px;\r\n  }\r\n  .menu{\r\n    padding: 15vh 50px;\r\n    background: rgba(20, 20, 20, 0.5);\r\n    height: 100vh;\r\n    border-right: 7px solid #fcfffc;\r\n    position: fixed;\r\n    left: -366px;\r\n    transition: 0.4s ease;\r\n  }\r\n  .menu:hover{\r\n    left: -100px;\r\n    transition: 0.5s ease;\r\n  }\r\n  .content{\r\n    width: 10vw;\r\n    height: 100vh;\r\n    overflow: hidden;\r\n  }\r\n  \r\n  </style>\r\n\t\r\n\r\n\t<div class=\"container\">\r\n\t\t<section class=\"gallery\">\r\n\r\n\t\t\t<div class=\"frame\">\r\n\t\t\t\t<div class=\"frame__content\">\r\n\t\t\t\t\t<h2>FPSOIB CTF</h2>\r\n\t\t\t\t\t<p class=\"frame__content text_flooter\">\u041a\u0440\u0443\u0442\u0438\u0442\u0435 \u043a\u043e\u043b\u0435\u0441\u0438\u043a\u043e \u043c\u044b\u0448\u0438 \u0432\u043f\u0435\u0440\u0435\u0434.<br>\u0414\u043b\u044f \u043f\u043e\u043b\u043d\u043e\u0433\u043e \u043f\u043e\u0433\u0440\u0443\u0436\u0435\u043d\u0438\u044f \u0440\u0435\u043a\u043e\u043c\u0435\u043d\u0434\u0443\u0435\u043c \u0432\u043a\u043b\u044e\u0447\u0438\u0442\u044c \u043c\u0443\u0437\u044b\u043a\u0443 \u0441\u043f\u0440\u0430\u0432\u0430.</p>\r\n\t\t\t\t</div>\r\n\t\t\t</div>\r\n\r\n\t\t\t<div class=\"frame\">\r\n\t\t\t\t<div class=\"frame__content\">\r\n\t\t\t\t\t<div class=\"frame-media frame-media_left\" style=\"background-image: url(/themes/core-beta/static/images/1.jpg)\"></div>\r\n\t\t\t\t</div>\r\n\t\t\t</div>\r\n\r\n\t\t\t<div class=\"frame frame_bg\">\r\n\t\t\t\t<div class=\"frame__content\">\r\n\t\t\t\t\t<video class=\"frame-media frame-media_right\" src=\"/themes/core-beta/static/media/cosmos.mp4\" autoplay loop muted></video>\r\n\t\t\t\t</div>\r\n\t\t\t</div>\r\n\r\n\t\t\t<div class=\"frame\"></div>\r\n\r\n\t\t\t<div class=\"frame\">\r\n\t\t\t\t<div class=\"frame__content text-right\">\r\n\t\t\t\t\t<h3>\u0414\u043e\u0431\u0440\u043e \u043f\u043e\u0436\u0430\u043b\u043e\u0432\u0430\u0442\u044c!</h3>\r\n\t\t\t\t\t<p>\u041d\u0430 \u043f\u0435\u0440\u0432\u044b\u0435 \u0441\u043e\u0440\u0435\u0432\u043d\u043e\u0432\u0430\u043d\u0438\u044f \u043f\u043e \u0438\u043d\u0444\u043e\u0440\u043c\u0430\u0446\u0438\u043e\u043d\u043d\u043e\u0439 \u0431\u0435\u0437\u043e\u043f\u0430\u0441\u043d\u043e\u0441\u0442\u0438, \u043e\u0440\u0433\u0430\u043d\u0438\u0437\u043e\u0432\u0430\u043d\u043d\u044b\u0435 \u041c\u043e\u0441\u043a\u043e\u0432\u0441\u043a\u0438\u043c \u0423\u043d\u0438\u0432\u0435\u0440\u0441\u0438\u0442\u0435\u0442\u043e\u043c \u041c\u0412\u0414 \u0420\u043e\u0441\u0441\u0438\u0438 \u0438\u043c \u0412.\u042f. \u041a\u0438\u043a\u043e\u0442\u044f.</p>\r\n\t\t\t\t</div>\r\n\t\t\t</div>\r\n\r\n\t\t\t<div class=\"frame frame_bg\">\r\n\t\t\t\t<div class=\"frame__content\">\r\n\t\t\t\t\t<div class=\"frame-media frame-media_left\" style=\"background-image: url(/themes/core-beta/static/images/2.jpg)\"></div>\r\n\t\t\t\t</div>\r\n\t\t\t</div>\r\n\r\n\t\t\t<div class=\"frame\"></div>\r\n\r\n\t\t\t<div class=\"frame\">\r\n\t\t\t\t<div class=\"frame__content text-left\">\r\n\t\t\t\t\t<h3>\u0412\u044b \u043f\u043e\u043f\u0430\u043b\u0438</h3>\r\n\t\t\t\t\t<p>\u0412 \u0433\u043e\u0440\u043e\u0434 \u0425. \u0421\u0435\u0433\u043e\u0434\u043d\u044f \u0437\u0434\u0435\u0441\u044c \u043f\u0440\u0430\u0437\u0434\u043d\u0438\u043a, \u0432\u0435\u0434\u044c \u0447\u0435\u0440\u0435\u0437 \u043d\u0435\u0441\u043a\u043e\u043b\u044c\u043a\u043e \u043c\u0438\u043d\u0443\u0442 \u0441\u043e\u0441\u0442\u043e\u0438\u0442\u0441\u044f \u0437\u0430\u043f\u0443\u0441\u043a \u0440\u0430\u043a\u0435\u0442\u044b \u0434\u043b\u044f \u043a\u043e\u043b\u043e\u043d\u0438\u0437\u0430\u0446\u0438\u0438 \u041c\u0430\u0440\u0441\u0430.</p>\r\n\t\t\t\t</div>\r\n\t\t\t</div>\r\n\r\n\t\t\t<div class=\"frame frame_bg\">\r\n\t\t\t\t<div class=\"frame__content\">\r\n\t\t\t\t\t<div class=\"frame-media frame-media_right\" style=\"background-image: url(/themes/core-beta/static/images/3.jpg)\"></div>\r\n\t\t\t\t</div>\r\n\t\t\t</div>\r\n\r\n\t\t\t<div class=\"frame\"></div>\r\n\r\n\t\t\t<div class=\"frame\">\r\n\t\t\t\t<div class=\"frame__content text-right\">\r\n\t\t\t\t\t<h3>\u041d\u043e \u0432\u0441\u0435 \u043f\u043e\u0448\u043b\u043e \u043d\u0435 \u043f\u043e \u043f\u043b\u0430\u043d\u0443...</h3>\r\n\t\t\t\t\t<p>\u041d\u0435\u0438\u0437\u0432\u0435\u0441\u0442\u043d\u044b\u0435 \u043b\u044e\u0434\u0438, \u043f\u0440\u0435\u0434\u0441\u0442\u0430\u0432\u0438\u0432\u0449\u0438\u0435\u0441\u044f \u0445\u0430\u043a\u0435\u0440\u0441\u043a\u043e\u0439 \u0433\u0440\u0443\u043f\u043f\u0438\u0440\u043e\u0432\u043a\u043e\u0439 \"\u0410\u043b\u044c\u0444\u0430\", \u0441\u043e\u043e\u0431\u0449\u0438\u043b\u0438, \u0447\u0442\u043e \u043d\u0430\u043c\u0435\u0440\u0435\u043d\u044b \u0441\u043e\u0440\u0432\u0430\u0442\u044c \u0437\u0430\u043f\u0443\u0441\u043a \u0440\u0430\u043a\u0435\u0442\u044b</p>\r\n\t\t\t\t</div>\r\n\t\t\t</div>\r\n\r\n\t\t\t<div class=\"frame frame_bg\">\r\n\t\t\t\t<div class=\"frame__content\">\r\n\t\t\t\t\t<div class=\"frame-media frame-media_left\" style=\"background-image: url(/themes/core-beta/static/images/4.jpg)\"></div>\r\n\t\t\t\t</div>\r\n\t\t\t</div>\r\n\r\n\t\t\t<div class=\"frame\"></div>\r\n\r\n\t\t\t<div class=\"frame\">\r\n\t\t\t\t<div class=\"frame__content text-left\">\r\n\t\t\t\t\t<h3>\u041c\u044b \u0441\u043b\u044b\u0448\u0430\u043b\u0438</h3>\r\n\t\t\t\t\t<p>\u0427\u0442\u043e \u0442\u044b \u0441\u043f\u0435\u0446\u0438\u0430\u043b\u0438\u0441\u0442 \u0432 \u043e\u0431\u043b\u0430\u0441\u0442\u0438 \u0438\u043d\u0444\u043e\u0440\u043c\u0430\u0446\u0438\u043e\u043d\u043d\u043e\u0439 \u0431\u0435\u0437\u043e\u043f\u0430\u0441\u043d\u043e\u0441\u0442\u0438. \u041f\u043e\u044d\u0442\u043e\u043c\u0443 \u043f\u0440\u043e\u0441\u0438\u043c \u0442\u0435\u0431\u044f \u043e\u043a\u0430\u0437\u0430\u0442\u044c \u043d\u0430\u043c \u043f\u043e\u043c\u043e\u0449\u044c \u0438 \u043d\u0435 \u0434\u0430\u0442\u044c \u0445\u0430\u043a\u0435\u0440\u0430\u043c \u0441\u043e\u0440\u0432\u0430\u0442\u044c \u043a\u043e\u043b\u043e\u043d\u0438\u0437\u0430\u0446\u0438\u044e \u041c\u0430\u0440\u0441\u0430.</p>\r\n\t\t\t\t</div>\r\n\t\t\t</div>\r\n\r\n\t\t\t<div class=\"frame frame_bg\">\r\n\t\t\t\t<div class=\"frame__content\">\r\n\t\t\t\t\t<div class=\"frame-media frame-media_right\" style=\"background-image: url(/themes/core-beta/static/images/5.jpg)\"></div>\r\n\t\t\t\t</div>\r\n\t\t\t</div>\r\n\r\n\r\n\r\n\t\t\t<div class=\"frame\"></div>\r\n\r\n\t\t\t<div class=\"frame frame_bg\">\r\n\t\t\t\t<div class=\"frame__content\">\r\n\t\t\t\t\t<div class=\"frame-media frame-media_right\" style=\"background-image: url(/themes/core-beta/static/images/5.jpg)\"></div>\r\n\t\t\t\t</div>\r\n\t\t\t</div>\r\n\r\n\t\t\t<div class=\"frame frame_bg\">\r\n\t\t\t\t<div class=\"frame__content\">\r\n\t\t\t\t\t<video class=\"frame-media\" src=\"/themes/core-beta/static/media/video_optimized.mp4\" autoplay loop muted></video>\r\n\t\t\t\t</div>\r\n\t\t\t</div>\r\n          \t\r\n\t\t\t\r\n\t\t</section>\r\n\t</div>\r\n\t\r\n\t\r\n\t<img class=\"soundbutton paused\" src=\"/themes/core-beta/static/images/sound.gif\" alt=\"Alt\">\r\n   <!-- <a href=\"/challenges\" class=\"frame__content btn text_flooter\">\u041a \u0437\u0430\u0434\u0430\u043d\u0438\u044f\u043c</a>\t-->\r\n\t<audio class=\"audio\" src=\"/themes/core-beta/static/media/ambient.mp3\" loop></audio>\r\n\t<div class=\"menu\">\r\n\t\t<div class=\"title\"><h1>FPSOIB 3.0</h1></div>\r\n\t\t<div class=\"list_menu\">\r\n\t\t\t<ul>\r\n\t\t\t\t<li><a href=\"/\">\u041d\u0430\u0447\u0430\u043b\u043e</a></li>\r\n\t\t\t\t<li><a href=\"/users\">\u041f\u043e\u043b\u044c\u0437\u043e\u0432\u0430\u0442\u0435\u043b\u0438</a></li>\r\n\t\t\t\t<li><a href=\"/teams\">\u041a\u043e\u043c\u0430\u043d\u0434\u044b</a></li>\r\n\t\t\t\t<li><a href=\"/scoreboard\">\u0420\u0435\u0439\u0442\u0438\u043d\u0433</a></li>\r\n\t\t\t\t<li><a href=\"/challenges\">\u0417\u0430\u0434\u0430\u043d\u0438\u044f</a></li>\r\n\t\t\t</ul>\r\n\t\t</div>\r\n\t</div>\r\n\r\n</body>\r\n</html>","draft":0,"hidden":0,"auth_required":0,"format":"html","link_target":null}],"meta":{}}