{"count":2,"results":[{"id":1,"oauth_id":null,"name":"ADMIN","email":null,"password":"$bcrypt-sha256$v=2,t=2b,r=12$81vsvzBiQHgVzlnHeGrCvu$irZykxrKKqGTU/b5kcUgImmTFX.fC6i","secret":null,"website":null,"affiliation":null,"country":null,"hidden":1,"banned":0,"created":"2024-06-04T15:27:58.968224","captain_id":1,"bracket_id":null},{"id":2,"oauth_id":null,"name":"TEST","email":null,"password":"$bcrypt-sha256$v=2,t=2b,r=12$8MlBbi3cG.eUyM3KVbm9fu$i33Kh9/q/3V3qePQUr.Fu3oDN3DoCV.","secret":null,"website":null,"affiliation":null,"country":null,"hidden":0,"banned":0,"created":"2024-06-06T17:49:25.308030","captain_id":2,"bracket_id":null}],"meta":{}}