{"count":2,"results":[{"id":1,"oauth_id":null,"name":"RozhkovN","password":"$bcrypt-sha256$v=2,t=2b,r=12$a23ub8PuxXK1mE.OcVElJ.$LdB0KUjn.fkL5eJggnxs7Pc0Vew0/Z2","email":"nikitaroz2004@icloud.com","type":"admin","secret":null,"website":null,"affiliation":null,"country":null,"hidden":1,"banned":0,"verified":0,"team_id":1,"created":"2024-06-04T13:50:14.869293","language":null,"bracket_id":null},{"id":2,"oauth_id":null,"name":"TEST","password":"$bcrypt-sha256$v=2,t=2b,r=12$d5hnR1ZeqLUQycNXTs2vS.$evWsxh5rIrKlyqLmbo86BRotgPmXzgW","email":"test@mail.ru","type":"user","secret":null,"website":null,"affiliation":null,"country":null,"hidden":0,"banned":0,"verified":0,"team_id":2,"created":"2024-06-06T17:49:05.851113","language":null,"bracket_id":null}],"meta":{}}